index,Barcode,Multiplex_key,Number_of_reads,Block,Line,Germination_cohort,Shape,FloweringDOY,Flowered_by_collection,Leaf_area_cm2,Perimeter_cm,Circularity,Round,Solidity
1,VAL12505755_PCR-F05,FLD_ill_038_i7-IDT_i5_9,"49,594",1,891,2,M,NA,N,25.964,29.263,0.381,0.946,0.777
2,VAL12505755_PCR-F06,FLD_ill_046_i7-IDT_i5_10,"55,757",1,1192,1,L,247,Y,30.657,87.639,0.05,0.83,0.313
3,VAL12505755_PCR-D11,FLD_ill_084_i7-IDT_i5_3,"58,690",1,681,2,M,247,Y,33.886,32.293,0.408,0.962,0.759
4,VAL12505755_PCR-G06,FLD_ill_047_i7-IDT_i5_10,"47,351",1,315,2,L,247,Y,22.748,31.962,0.28,0.941,0.649
5,VAL12505755_PCR-H09,FLD_ill_072_i7-IDT_i5_1,"44,077",1,822,1,M,240,Y,35.368,32.543,0.42,0.912,0.828
6,VAL12505755_PCR-D04,FLD_ill_028_i7-IDT_i5_8,"52,521",1,611,1,H,240,Y,45.583,28.513,0.705,0.952,0.948
7,VAL12505754_PCR-F08,FLD_ill_062_i7-IDT_i5_11,"18,906",1,1253,2,M,NA,N,27.986,28.643,0.429,0.959,0.795
8,VAL12505756_PCR-B12,FLD_ill_090_i7-IDT_i5_5,"51,780",1,301,2,M,NA,N,31.058,30.852,0.41,0.952,0.762
9,VAL12505755_PCR-D03,FLD_ill_020_i7-IDT_i5_7,"51,546",1,1199,1,M,228,Y,21.89,26.371,0.396,0.893,0.78
10,VAL12505755_PCR-G12,FLD_ill_095_i7-IDT_i5_4,"63,368",1,1237,1,H,247,Y,26,22.172,0.665,0.886,0.916
11,VAL12505755_PCR-G07,FLD_ill_055_i7-IDT_i5_11,"56,199",1,208,1,M,240,Y,34.764,33.451,0.39,0.927,0.78
12,VAL12505755_PCR-H03,FLD_ill_024_i7-IDT_i5_7,"47,752",1,351,1,H,240,Y,40.303,NA,NA,NA,NA
13,VAL12505755_PCR-D02,FLD_ill_012_i7-IDT_i5_6,"49,213",1,500,1,L,240,Y,32.72,36.455,0.309,0.939,0.723
14,,,,,,,,,,,,,,
15,VAL12505755_PCR-G09,FLD_ill_071_i7-IDT_i5_1,"60,116",1,427,2,M,NA,N,34.111,31.479,0.433,0.913,0.786
16,VAL12505756_PCR-A09,FLD_ill_065_i7-IDT_i5_2,"43,610",1,1158,1,H,240,Y,43.147,29.452,0.625,0.926,0.931
17,VAL12505755_PCR-G05,FLD_ill_039_i7-IDT_i5_9,"70,964",1,861,1,L,247,Y,28.528,31.7,0.357,0.959,0.804
18,VAL12505755_PCR-H08,FLD_ill_064_i7-IDT_i5_12,"55,282",1,1253,2,M,247,Y,38.324,35.13,0.39,0.902,0.763
19,VAL12505755_PCR-A03,FLD_ill_017_i7-IDT_i5_7,"45,938",1,742,2,L,NA,N,13.911,21.982,0.362,0.949,0.775
20,VAL12505756_PCR-C01,FLD_ill_003_i7-IDT_i5_6,"40,165",1,1023,2,M,NA,N,22.395,22.531,0.554,0.949,0.843
21,VAL12505755_PCR-H01,FLD_ill_008_i7-IDT_i5_5,"40,208",1,946,1,M,247,Y,31,32.797,0.362,0.915,0.768
22,VAL12505754_PCR-B06,FLD_ill_042_i7-IDT_i5_9,"32,923",1,637,2,H,NA,N,26.366,NA,NA,NA,NA
23,VAL12505755_PCR-A04,FLD_ill_025_i7-IDT_i5_8,"47,725",1,1058,2,M,NA,N,33.696,NA,0.459,0.873,0.752
24,VAL12505754_PCR-A04,FLD_ill_025_i7-IDT_i5_7,"42,957",1,698,1,H,228,Y,31.519,24.337,0.669,0.873,0.93
25,VAL12505754_PCR-G09,FLD_ill_071_i7-IDT_i5_12,"49,964",1,815,1,L,240,Y,24.572,35.748,0.242,0.916,0.664
26,VAL12505754_PCR-D03,FLD_ill_020_i7-IDT_i5_6,"37,134",1,85,1,L,240,Y,30.724,33.957,0.335,0.904,0.728
27,,,,,,,,,,,,,,
28,VAL12505756_PCR-A07,FLD_ill_049_i7-IDT_i5_12,"57,816",1,1068,1,L,240,Y,27.142,33.055,0.312,0.942,0.724
29,VAL12505754_PCR-C12,FLD_ill_091_i7-IDT_i5_3,"41,726",1,1099,1,M,247,Y,23.854,27.601,0.393,0.904,0.832
30,VAL12505754_PCR-B02,FLD_ill_010_i7-IDT_i5_5,"30,991",1,1238,2,L,NA,N,20.179,NA,NA,NA,NA
31,VAL12505755_PCR-A02,FLD_ill_009_i7-IDT_i5_6,"57,632",1,887,2,M,NA,N,24.11,NA,NA,NA,NA
32,VAL12505756_PCR-B10,FLD_ill_074_i7-IDT_i5_3,"41,969",1,393,1,L,240,Y,23.236,29.356,0.339,0.929,0.757
33,VAL12505755_PCR-C04,FLD_ill_027_i7-IDT_i5_8,"58,784",1,514,2,H,NA,N,33.883,25.838,0.638,0.978,0.933
34,VAL12505755_PCR-G08,FLD_ill_063_i7-IDT_i5_12,"38,604",1,560,2,H,247,Y,27.68,23.505,0.63,0.909,0.915
35,VAL12505755_PCR-H04,FLD_ill_032_i7-IDT_i5_8,"44,869",1,1147,2,M,NA,N,35.845,32.642,0.423,0.961,0.799
36,,,,,,,,,,,,,,
37,VAL12505756_PCR-B09,FLD_ill_066_i7-IDT_i5_2,"38,100",1,379,2,H,NA,N,27.936,24.246,0.597,0.986,0.887
38,VAL12505755_PCR-G10,FLD_ill_079_i7-IDT_i5_2,"68,439",1,190,2,L,NA,N,25.802,34.349,0.275,0.876,0.686
39,VAL12505754_PCR-F09,FLD_ill_070_i7-IDT_i5_12,"44,207",1,898,1,H,228,Y,21.575,20.142,0.668,0.917,0.916
40,VAL12505756_PCR-C02,FLD_ill_011_i7-IDT_i5_7,"52,889",1,865,1,M,240,Y,31.501,30.159,0.435,0.864,0.789
41,VAL12505754_PCR-E12,FLD_ill_093_i7-IDT_i5_3,"47,111",1,778,2,L,247,Y,25.293,28.445,0.365,0.882,0.799
42,VAL12505754_PCR-D01,FLD_ill_004_i7-IDT_i5_4,"38,907",1,717,1,M,240,Y,35.009,NA,NA,NA,NA
43,VAL12505755_PCR-G11,FLD_ill_087_i7-IDT_i5_3,"49,744",1,1163,1,L,240,Y,26.427,NA,NA,NA,NA
44,VAL12505754_PCR-B08,FLD_ill_058_i7-IDT_i5_11,"41,908",1,1231,2,H,NA,N,36.663,NA,NA,NA,NA
45,VAL12505754_PCR-E06,FLD_ill_045_i7-IDT_i5_9,"43,067",1,318,2,H,NA,N,33.019,NA,NA,NA,NA
46,VAL12505756_PCR-B06,FLD_ill_042_i7-IDT_i5_11,"48,319",1,1241,2,H,240,Y,32.968,25.8,0.622,0.961,0.916
47,,,,,,,,,,,,,,
48,VAL12505755_PCR-H02,FLD_ill_016_i7-IDT_i5_6,"53,150",1,1172,1,H,NA,N,27.139,22.869,0.695,0.874,0.925
49,VAL12505755_PCR-F09,FLD_ill_070_i7-IDT_i5_1,"49,641",1,895,1,L,240,Y,25.199,32.957,0.292,0.898,0.693
50,VAL12505756_PCR-A06,FLD_ill_041_i7-IDT_i5_11,"62,534",1,764,2,H,NA,N,31.32,24.088,0.678,0.949,0.914
51,VAL12505756_PCR-A02,FLD_ill_009_i7-IDT_i5_7,"55,526",1,1180,1,M,228,Y,30.33,NA,NA,NA,NA
52,VAL12505756_PCR-B04,FLD_ill_026_i7-IDT_i5_9,"43,766",1,477,2,M,247,Y,29.224,29.605,0.419,0.947,0.795
53,VAL12505755_PCR-F07,FLD_ill_054_i7-IDT_i5_11,"45,361",1,509,2,M,NA,N,25.25,29.2,0.372,0.955,0.722
54,VAL12505756_PCR-B05,FLD_ill_034_i7-IDT_i5_10,"53,222",1,1083,1,H,228,Y,26.157,21.563,0.707,0.946,0.942
55,VAL12505755_PCR-F08,FLD_ill_062_i7-IDT_i5_12,"51,295",1,616,2,H,NA,N,31.869,24.901,0.646,0.914,0.9
56,VAL12505755_PCR-D05,FLD_ill_036_i7-IDT_i5_9,"64,522",1,973,2,M,NA,N,37.919,35.325,0.382,0.945,0.769
57,VAL12505756_PCR-A03,FLD_ill_017_i7-IDT_i5_8,"50,456",1,829,2,L,NA,N,27.5,35.335,0.277,0.945,0.719
58,VAL12505755_PCR-H06,FLD_ill_048_i7-IDT_i5_10,"47,783",1,734,2,M,247,Y,29.309,28.528,0.453,0.992,0.818
59,VAL12505755_PCR-E12,FLD_ill_093_i7-IDT_i5_4,"41,458",1,890,1,H,247,Y,29.093,23.594,0.657,0.959,0.931
60,VAL12505755_PCR-H07,FLD_ill_056_i7-IDT_i5_11,"52,811",1,841,2,L,NA,N,22.28,30.445,0.302,0.9,0.69
61,VAL12505754_PCR-H01,FLD_ill_008_i7-IDT_i5_4,"49,978",1,781,2,L,247,Y,33.597,36.226,0.314,0.931,0.759
62,VAL12505754_PCR-G07,FLD_ill_055_i7-IDT_i5_10,"42,340",1,195,2,H,NA,N,4.348,9.288,0.633,0.915,0.881
63,VAL12505754_PCR-C11,FLD_ill_083_i7-IDT_i5_2,"48,099",1,16,2,M,247,Y,31.544,31.482,0.4,0.975,0.765
64,VAL12505754_PCR-C10,FLD_ill_075_i7-IDT_i5_1,"40,983",1,423,2,H,NA,N,20.679,19.427,0.689,0.908,0.907
65,VAL12505754_PCR-F12,FLD_ill_094_i7-IDT_i5_3,"46,915",1,1061,1,M,228,Y,22.986,26.949,0.398,0.845,0.744
66,,,,,,,,,,,,,,
67,VAL12505754_PCR-G03,FLD_ill_023_i7-IDT_i5_6,"46,558",1,1097,2,M,247,Y,24.175,28.281,0.38,0.916,0.738
68,VAL12505754_PCR-H05,FLD_ill_040_i7-IDT_i5_8,"47,979",1,113,1,H,240,Y,24.809,21.334,0.685,0.955,0.915
69,VAL12505754_PCR-H06,FLD_ill_048_i7-IDT_i5_9,"26,114",1,654,2,M,NA,N,15.249,20.7,0.447,0.903,0.758
70,VAL12505754_PCR-G04,FLD_ill_031_i7-IDT_i5_7,"35,108",1,291,1,H,240,Y,25.4,21.075,0.719,0.961,0.95
71,,,,,,,,,,,,,,
72,VAL12505754_PCR-G10,FLD_ill_079_i7-IDT_i5_1,"53,363",1,1080,1,M,NA,N,26.251,NA,NA,NA,NA
73,,,,,,,,,,,,,,
74,VAL12505754_PCR-C01,FLD_ill_003_i7-IDT_i5_4,"42,554",1,409,1,M,247,Y,24.877,NA,NA,NA,NA
75,VAL12505754_PCR-C02,FLD_ill_011_i7-IDT_i5_5,"49,247",1,813,2,L,NA,N,27.325,33.65,0.303,0.917,0.702
76,VAL12505754_PCR-C03,FLD_ill_019_i7-IDT_i5_6,"45,067",1,1078,2,M,NA,N,34.847,NA,NA,NA,NA
77,VAL12505754_PCR-C04,FLD_ill_027_i7-IDT_i5_7,"50,891",1,1091,2,L,NA,N,25.002,31.969,0.307,0.92,0.71
78,VAL12505754_PCR-C05,FLD_ill_035_i7-IDT_i5_8,"39,089",1,1262,1,M,240,Y,25.91,NA,NA,NA,NA
79,VAL12505754_PCR-C06,FLD_ill_043_i7-IDT_i5_9,"17,446",1,410,1,M,247,Y,14.13,20.128,0.438,0.833,0.753
80,,,,,,,,,,,,,,
81,VAL12505754_PCR-G12,FLD_ill_095_i7-IDT_i5_3,"44,880",2,681,2,L,NA,N,22.237,31.807,0.265,0.933,0.684
82,VAL12505754_PCR-A08,FLD_ill_057_i7-IDT_i5_11,"46,095",2,1061,2,M,NA,N,21.641,27.865,0.35,0.941,0.712
83,VAL12505754_PCR-H12,FLD_ill_096_i7-IDT_i5_3,"49,559",2,904,2,L,NA,N,21.035,31.443,0.277,0.918,0.684
84,VAL12505755_PCR-A01,FLD_ill_001_i7-IDT_i5_5,"50,012",2,500,1,M,240,Y,32.828,33.093,0.377,0.977,0.771
85,,,,,,,,,,,,,,
86,VAL12505754_PCR-G11,FLD_ill_087_i7-IDT_i5_2,"41,726",2,301,1,M,247,Y,31.199,29.913,0.438,0.918,0.786
87,VAL12505754_PCR-H02,FLD_ill_016_i7-IDT_i5_5,"45,079",2,946,2,H,NA,N,29.891,24.584,0.622,0.945,0.901
88,,,,,,,,,,,,,,
89,VAL12505756_PCR-A10,FLD_ill_073_i7-IDT_i5_3,"49,706",2,815,1,M,240,Y,27.559,29.941,0.386,0.93,0.797
90,VAL12505754_PCR-D06,FLD_ill_044_i7-IDT_i5_9,"27,317",2,640,2,H,251,Y,25.275,22.351,0.643,0.969,0.917
91,VAL12505754_PCR-B12,FLD_ill_090_i7-IDT_i5_3,"34,395",2,887,2,M,NA,N,37.213,33.978,0.42,0.891,0.798
92,,,,,,,,,,,,,,
93,VAL12505754_PCR-B05,FLD_ill_034_i7-IDT_i5_8,"31,095",2,1158,2,M,247,Y,30.964,32.082,0.378,0.883,0.749
94,VAL12505754_PCR-B09,FLD_ill_066_i7-IDT_i5_12,"36,050",2,409,1,M,247,Y,25.788,28.922,0.387,0.903,0.778
95,,,,,,,,,,,,,,
96,VAL12505754_PCR-B11,FLD_ill_082_i7-IDT_i5_2,"35,327",2,642,1,M,228,Y,28.467,29.358,0.415,0.903,0.772
97,VAL12505754_PCR-B10,FLD_ill_074_i7-IDT_i5_1,"51,823",2,590,2,M,247,Y,28.205,28.365,0.441,0.926,0.795
98,VAL12505756_PCR-A08,FLD_ill_057_i7-IDT_i5_1,"39,140",2,637,2,H,NA,N,24.184,21.049,0.686,0.959,0.926
99,,,,,,,,,,,,,,
100,VAL12505754_PCR-H03,FLD_ill_024_i7-IDT_i5_6,"42,049",2,113,2,M,NA,N,6.834,15.594,0.353,0.874,0.751
101,VAL12505756_PCR-A05,FLD_ill_033_i7-IDT_i5_10,"49,052",2,895,2,M,NA,N,28.408,27.994,0.456,0.995,0.831
102,VAL12505756_PCR-B08,FLD_ill_058_i7-IDT_i5_1,"47,204",2,1172,1,H,247,Y,27.02,22.231,0.687,0.878,0.912
103,VAL12505754_PCR-F04,FLD_ill_030_i7-IDT_i5_7,"48,446",2,617,2,M,NA,N,29.298,28.884,0.441,0.963,0.769
104,VAL12505755_PCR-C11,FLD_ill_083_i7-IDT_i5_3,"41,043",2,898,1,L,247,Y,34.571,38.412,0.294,0.957,0.753
105,VAL12505754_PCR-G01,FLD_ill_007_i7-IDT_i5_4,"21,802",2,1080,2,M,247,Y,20.218,25.775,0.382,0.913,0.768
106,VAL12505754_PCR-G08,FLD_ill_063_i7-IDT_i5_11,"52,083",2,291,1,L,240,Y,32.806,36.318,0.313,0.927,0.755
107,,,,,,,,,,,,,,
108,VAL12505754_PCR-F01,FLD_ill_006_i7-IDT_i5_4,"27,837",2,891,2,H,NA,N,29.431,NA,NA,NA,NA
109,VAL12505754_PCR-F10,FLD_ill_078_i7-IDT_i5_1,"30,322",2,509,2,M,NA,N,22.257,27.006,0.383,0.963,0.736
110,VAL12505754_PCR-D07,FLD_ill_052_i7-IDT_i5_10,"55,834",2,1023,1,M,NA,N,34.303,NA,NA,NA,NA
111,VAL12505754_PCR-D08,FLD_ill_060_i7-IDT_i5_11,"45,143",2,1083,1,L,240,Y,26.684,32.403,0.319,0.935,0.729
112,VAL12505754_PCR-F07,FLD_ill_054_i7-IDT_i5_10,"36,489",2,1097,2,M,247,Y,31.173,28.746,0.474,0.987,0.803
113,VAL12505754_PCR-D02,FLD_ill_012_i7-IDT_i5_5,"37,279",2,841,1,M,240,Y,26.346,NA,NA,NA,NA
114,VAL12505754_PCR-H09,FLD_ill_072_i7-IDT_i5_12,"40,601",2,778,1,M,247,Y,27.19,NA,NA,NA,NA
115,VAL12505754_PCR-H10,FLD_ill_080_i7-IDT_i5_1,"38,271",2,1099,2,M,NA,N,32.885,30.706,0.452,0.921,0.775
116,VAL12505754_PCR-F05,FLD_ill_038_i7-IDT_i5_8,"49,066",2,991,2,M,247,Y,29.91,27.572,0.494,0.994,0.775
117,VAL12505754_PCR-B04,FLD_ill_026_i7-IDT_i5_7,"39,613",2,208,2,M,247,Y,30.621,29.936,0.429,0.939,0.789
118,VAL12505755_PCR-B02,FLD_ill_010_i7-IDT_i5_6,"51,138",2,890,2,M,NA,N,25.991,27.549,0.43,0.878,0.778
119,VAL12505755_PCR-F10,FLD_ill_078_i7-IDT_i5_2,"38,319",2,315,2,H,NA,N,30.929,24.663,0.639,0.97,0.889
120,VAL12505755_PCR-F11,FLD_ill_086_i7-IDT_i5_3,"55,770",2,813,1,M,240,Y,23.448,26.995,0.404,0.921,0.762
121,VAL12505754_PCR-B03,FLD_ill_018_i7-IDT_i5_6,"34,704",2,1238,2,M,247,Y,33.562,NA,NA,NA,NA
122,VAL12505754_PCR-H11,FLD_ill_088_i7-IDT_i5_2,"46,389",2,423,2,H,NA,N,28.92,22.014,0.75,0.949,0.938
123,VAL12505754_PCR-G02,FLD_ill_015_i7-IDT_i5_5,"27,891",2,410,2,L,247,Y,23.752,31.596,0.299,0.925,0.746
124,VAL12505754_PCR-D09,FLD_ill_068_i7-IDT_i5_12,"42,606",2,393,1,M,247,Y,33.935,NA,NA,NA,NA
125,VAL12505754_PCR-C07,FLD_ill_051_i7-IDT_i5_10,"38,711",2,973,2,L,247,Y,22.849,34.202,0.245,0.906,0.685
126,VAL12505754_PCR-A07,FLD_ill_049_i7-IDT_i5_10,"53,669",2,560,2,M,247,Y,34.693,32.015,0.425,0.897,0.784
127,VAL12505754_PCR-E03,FLD_ill_021_i7-IDT_i5_6,"32,859",2,611,2,L,NA,N,22.863,NA,NA,NA,NA
128,VAL12505755_PCR-F12,FLD_ill_094_i7-IDT_i5_4,"58,756",2,252,2,M,247,Y,34.111,33.381,0.385,0.984,0.779
129,VAL12505754_PCR-E01,FLD_ill_005_i7-IDT_i5_4,"38,237",2,1180,1,M,240,Y,32.457,NA,NA,NA,NA
130,VAL12505755_PCR-A07,FLD_ill_049_i7-IDT_i5_11,"65,121",2,1147,1,M,247,Y,35.84,33.077,0.412,0.781,0.854
131,VAL12505754_PCR-E04,FLD_ill_029_i7-IDT_i5_7,"38,497",2,514,2,M,NA,N,27.588,31.379,0.352,0.968,0.764
132,VAL12505754_PCR-F06,FLD_ill_046_i7-IDT_i5_9,"34,898",2,742,2,M,247,Y,21.923,24.514,0.458,0.993,0.773
133,VAL12505754_PCR-B01,FLD_ill_002_i7-IDT_i5_4,"28,009",2,379,1,H,240,Y,27.347,NA,NA,NA,NA
134,VAL12505755_PCR-A08,FLD_ill_057_i7-IDT_i5_12,"48,253",2,865,2,L,240,Y,21.86,NA,NA,NA,NA
135,VAL12505756_PCR-B07,FLD_ill_050_i7-IDT_i5_12,"54,763",2,190,1,H,240,Y,30.922,24.258,0.66,0.968,0.924
136,VAL12505754_PCR-E08,FLD_ill_061_i7-IDT_i5_11,"20,806",2,698,2,M,240,Y,33.5,30.778,0.444,0.961,0.773
137,VAL12505754_PCR-E09,FLD_ill_069_i7-IDT_i5_12,"48,340",2,1163,2,M,240,Y,32.254,NA,NA,NA,NA
138,VAL12505754_PCR-E11,FLD_ill_085_i7-IDT_i5_2,"45,596",2,16,2,H,247,Y,36.344,49.92,0.183,0.854,0.712
139,VAL12505754_PCR-E10,FLD_ill_077_i7-IDT_i5_1,"32,835",2,1058,2,M,NA,N,24.537,28.896,0.369,0.849,0.737
140,VAL12505754_PCR-E07,FLD_ill_053_i7-IDT_i5_10,"39,833",2,616,2,M,NA,N,22.782,26.039,0.422,0.929,0.751
141,VAL12505754_PCR-E05,FLD_ill_037_i7-IDT_i5_8,"55,526",2,829,1,M,240,Y,28.553,27.747,0.466,0.883,0.837
142,VAL12505754_PCR-F03,FLD_ill_022_i7-IDT_i5_6,"45,470",2,1192,2,H,247,Y,39.981,28.548,0.616,0.938,0.909
143,VAL12505755_PCR-G03,FLD_ill_023_i7-IDT_i5_7,"64,723",2,764,1,L,240,Y,35.528,38.964,0.294,0.906,0.723
144,VAL12505755_PCR-E11,FLD_ill_085_i7-IDT_i5_3,"52,670",2,822,2,M,NA,N,35.981,30.389,0.49,0.991,0.82
145,VAL12505755_PCR-D08,FLD_ill_060_i7-IDT_i5_12,"56,492",2,85,2,L,NA,N,28.015,32.528,0.315,0.902,0.758
146,VAL12505755_PCR-C03,FLD_ill_019_i7-IDT_i5_7,"52,704",2,654,2,M,247,Y,27.695,30.241,0.381,0.889,0.741
147,VAL12505754_PCR-D04,FLD_ill_028_i7-IDT_i5_7,"32,953",2,1237,2,L,247,Y,26.194,36.395,0.249,0.916,0.697
148,VAL12505756_PCR-A11,FLD_ill_081_i7-IDT_i5_4,"53,125",2,1241,1,M,247,Y,36.421,33.209,0.415,0.889,0.766
149,VAL12505754_PCR-F11,FLD_ill_086_i7-IDT_i5_2,"45,641",2,861,1,L,247,Y,26.395,NA,NA,NA,NA
150,VAL12505755_PCR-D09,FLD_ill_068_i7-IDT_i5_1,"58,658",2,1262,1,M,240,Y,28.801,31.437,0.366,0.944,0.771
151,VAL12505755_PCR-G02,FLD_ill_015_i7-IDT_i5_6,"57,513",2,947,1,M,247,Y,39.075,34.253,0.419,0.914,0.813
152,VAL12505754_PCR-F02,FLD_ill_014_i7-IDT_i5_5,"36,055",2,477,1,L,240,Y,29.714,34.146,0.32,0.961,0.734
153,VAL12505755_PCR-D10,FLD_ill_076_i7-IDT_i5_2,"51,466",2,1091,2,M,247,Y,39.175,36.212,0.375,0.994,0.776
154,VAL12505755_PCR-F02,FLD_ill_014_i7-IDT_i5_6,"38,165",2,1231,1,H,247,Y,32.937,25.13,0.655,0.912,0.929
155,VAL12505755_PCR-G04,FLD_ill_031_i7-IDT_i5_8,"45,399",2,1078,1,M,240,Y,35.953,NA,NA,NA,NA
156,VAL12505755_PCR-G01,FLD_ill_007_i7-IDT_i5_5,"31,769",2,427,2,H,NA,N,27.895,23.466,0.637,0.993,0.912
157,VAL12505754_PCR-A11,FLD_ill_081_i7-IDT_i5_2,"33,687",2,1015,2,M,247,Y,34.668,NA,NA,NA,NA
158,VAL12505754_PCR-H07,FLD_ill_056_i7-IDT_i5_10,"42,624",2,1199,2,H,247,Y,35.632,25.783,0.674,0.955,0.941
159,VAL12505754_PCR-A06,FLD_ill_041_i7-IDT_i5_9,"46,427",2,195,1,M,240,Y,27.347,29.228,0.402,0.969,0.787
160,VAL12505754_PCR-E02,FLD_ill_013_i7-IDT_i5_5,"51,195",2,205,2,M,NA,N,24.508,29.248,0.36,0.848,0.709
161,VAL12505755_PCR-C02,FLD_ill_011_i7-IDT_i5_6,"47,922",3,717,1,M,240,Y,36.531,34.493,0.386,0.953,0.768
162,VAL12505754_PCR-H04,FLD_ill_032_i7-IDT_i5_7,"41,797",3,946,2,M,NA,N,22.697,NA,NA,NA,NA
163,VAL12505754_PCR-C09,FLD_ill_067_i7-IDT_i5_12,"50,105",3,891,2,H,NA,N,28.469,23.104,0.67,0.914,0.894
164,VAL12505755_PCR-F04,FLD_ill_030_i7-IDT_i5_8,"59,499",3,477,2,L,247,Y,38.33,37.854,0.336,0.965,0.748
165,VAL12505754_PCR-C08,FLD_ill_059_i7-IDT_i5_11,"51,712",3,208,2,M,247,Y,28.298,28.868,0.427,0.902,0.802
166,VAL12505754_PCR-G05,FLD_ill_039_i7-IDT_i5_8,"39,999",3,195,2,L,247,Y,38.712,38.322,0.331,0.865,0.781
167,VAL12505754_PCR-D11,FLD_ill_084_i7-IDT_i5_2,"41,172",3,815,1,L,240,Y,29.406,33.83,0.323,0.888,0.737
168,VAL12505754_PCR-D12,FLD_ill_092_i7-IDT_i5_3,"17,952",3,509,2,H,247,Y,22.355,20.661,0.658,0.941,0.936
169,VAL12505755_PCR-A05,FLD_ill_033_i7-IDT_i5_9,"49,567",3,1172,1,M,247,Y,26.927,NA,NA,NA,NA
170,VAL12505755_PCR-A06,FLD_ill_041_i7-IDT_i5_10,"55,354",3,616,2,M,247,Y,30.52,27.279,0.515,0.906,0.83
171,,,,,,,,,,,,,,
172,VAL12505755_PCR-C01,FLD_ill_003_i7-IDT_i5_5,"35,100",3,991,2,M,247,Y,39.681,33.64,0.441,0.961,0.792
173,VAL12505754_PCR-D05,FLD_ill_036_i7-IDT_i5_8,"30,521",3,1147,2,M,247,Y,40.902,36.227,0.392,0.913,0.798
174,VAL12505754_PCR-B07,FLD_ill_050_i7-IDT_i5_10,"25,518",3,681,2,M,247,Y,34.045,NA,NA,NA,NA
175,VAL12505754_PCR-G06,FLD_ill_047_i7-IDT_i5_9,"25,699",3,1253,2,M,247,Y,32.798,30.181,0.452,0.904,0.788
176,VAL12505755_PCR-D01,FLD_ill_004_i7-IDT_i5_5,"59,329",3,778,1,H,240,Y,26.903,23.143,0.631,0.964,0.885
177,VAL12505754_PCR-H08,FLD_ill_064_i7-IDT_i5_11,"32,228",3,611,2,H,247,Y,38.032,26.411,0.685,0.917,0.941
178,VAL12505755_PCR-H05,FLD_ill_040_i7-IDT_i5_9,"58,687",3,742,2,M,NA,N,29.299,30.528,0.395,0.911,0.82
179,VAL12505756_PCR-B11,FLD_ill_082_i7-IDT_i5_4,"60,076",3,1099,2,M,NA,N,34.292,33.823,0.377,0.959,0.747
180,VAL12505755_PCR-C09,FLD_ill_067_i7-IDT_i5_1,"45,888",3,318,2,H,247,Y,25.862,22.765,0.627,0.943,0.918
181,VAL12505754_PCR-A05,FLD_ill_033_i7-IDT_i5_8,"49,164",3,1163,1,M,240,Y,30.095,31.91,0.371,0.95,0.739
182,VAL12505754_PCR-A09,FLD_ill_065_i7-IDT_i5_12,"45,089",3,1241,2,M,247,Y,44.261,36.314,0.422,0.951,0.77
183,VAL12505754_PCR-A02,FLD_ill_009_i7-IDT_i5_5,"43,907",3,1023,1,M,247,Y,46.9,NA,NA,NA,NA
184,VAL12505754_PCR-A03,FLD_ill_017_i7-IDT_i5_6,"33,284",3,113,2,L,NA,N,38.673,NA,NA,NA,NA
185,VAL12505754_PCR-A10,FLD_ill_073_i7-IDT_i5_1,"43,473",3,351,1,M,247,Y,32.074,NA,NA,NA,NA
186,VAL12505754_PCR-A12,FLD_ill_089_i7-IDT_i5_3,"37,985",3,1158,1,M,228,Y,47.178,39.795,0.374,0.884,0.775
187,VAL12505754_PCR-D10,FLD_ill_076_i7-IDT_i5_1,"45,992",3,841,2,M,247,Y,23.879,NA,NA,NA,NA
188,VAL12505756_PCR-B03,FLD_ill_018_i7-IDT_i5_8,"52,346",3,1237,2,H,NA,N,31.629,25.155,0.628,0.976,0.927
189,VAL12505754_PCR-A01,FLD_ill_001_i7-IDT_i5_4,"32,341",3,904,2,M,NA,N,22.432,26.192,0.411,0.888,0.794
190,VAL12505756_PCR-A01,FLD_ill_001_i7-IDT_i5_6,"57,120",3,1262,2,L,NA,N,29.702,38.625,0.25,0.859,0.72
191,VAL12505755_PCR-H12,FLD_ill_096_i7-IDT_i5_4,"60,231",3,379,2,M,247,Y,36.67,33.944,0.4,0.944,0.796
192,,,,,,,,,,,,,,
193,VAL12505755_PCR-E06,FLD_ill_045_i7-IDT_i5_10,"56,927",3,560,2,H,247,Y,37.798,26.489,0.677,0.944,0.924
194,VAL12505755_PCR-B01,FLD_ill_002_i7-IDT_i5_5,"46,186",3,1238,2,M,NA,N,29.462,29.695,0.42,0.966,0.758
195,VAL12505755_PCR-C10,FLD_ill_075_i7-IDT_i5_2,"29,748",3,16,2,M,247,Y,20.109,44.715,0.126,0.942,0.602
196,VAL12505755_PCR-C07,FLD_ill_051_i7-IDT_i5_11,"53,351",3,1192,1,H,247,Y,38.471,26.304,0.699,0.908,0.925
197,VAL12505755_PCR-C08,FLD_ill_059_i7-IDT_i5_12,"53,986",3,427,2,H,247,Y,45.454,29.029,0.678,0.905,0.929
198,VAL12505755_PCR-C05,FLD_ill_035_i7-IDT_i5_9,"59,631",3,822,2,M,247,Y,38.349,NA,NA,NA,NA
199,VAL12505755_PCR-E05,FLD_ill_037_i7-IDT_i5_9,"49,642",3,393,2,L,247,Y,32.181,37.517,0.287,0.999,0.694
200,VAL12505755_PCR-E04,FLD_ill_029_i7-IDT_i5_8,"41,498",3,1068,1,L,228,Y,33.37,36.335,0.318,0.909,0.738
201,VAL12505755_PCR-E03,FLD_ill_021_i7-IDT_i5_7,"56,080",3,190,2,H,247,Y,40.305,27.063,0.692,0.91,0.948
202,VAL12505755_PCR-E01,FLD_ill_005_i7-IDT_i5_5,"40,439",3,500,1,L,247,Y,34.376,37.886,0.301,0.977,0.73
203,VAL12505755_PCR-E02,FLD_ill_013_i7-IDT_i5_6,"57,942",3,890,2,L,NA,N,28.914,33.25,0.329,0.935,0.788
204,VAL12505755_PCR-D12,FLD_ill_092_i7-IDT_i5_4,"49,453",3,654,2,L,247,Y,31.795,37.42,0.285,0.97,0.72
205,VAL12505756_PCR-B02,FLD_ill_010_i7-IDT_i5_7,"51,514",3,764,2,L,247,Y,47.072,NA,NA,NA,NA
206,VAL12505755_PCR-C06,FLD_ill_043_i7-IDT_i5_10,"50,291",3,1058,2,M,NA,N,36.118,31.875,0.447,0.867,0.809
207,VAL12505755_PCR-C12,FLD_ill_091_i7-IDT_i5_4,"39,364",3,1078,2,H,247,Y,32.721,25.071,0.654,0.919,0.888
208,VAL12505755_PCR-F01,FLD_ill_006_i7-IDT_i5_5,"39,001",3,1083,2,H,247,Y,40.231,26.871,0.7,0.927,0.933
209,VAL12505755_PCR-E08,FLD_ill_061_i7-IDT_i5_12,"33,769",3,410,2,L,NA,N,33.369,36.284,0.319,0.935,0.758
210,,,,,,,,,,,,,,
211,VAL12505755_PCR-E07,FLD_ill_053_i7-IDT_i5_11,"48,403",3,205,2,M,NA,N,39.976,35.25,0.404,0.933,0.777
212,VAL12505756_PCR-A04,FLD_ill_025_i7-IDT_i5_9,"41,851",3,1080,1,M,240,Y,32.453,30.934,0.426,0.873,0.827
213,VAL12505756_PCR-B01,FLD_ill_002_i7-IDT_i5_6,"47,521",3,301,1,M,240,Y,38.666,35.982,0.375,0.939,0.814
214,VAL12505756_PCR-A12,FLD_ill_089_i7-IDT_i5_5,"47,931",3,1061,2,H,247,Y,40.339,28.61,0.619,0.916,0.939
215,VAL12505755_PCR-D07,FLD_ill_052_i7-IDT_i5_11,"60,080",3,898,1,L,247,Y,34.217,35.412,0.343,0.967,0.783
216,VAL12505755_PCR-H11,FLD_ill_088_i7-IDT_i5_3,"53,036",3,950,1,H,240,Y,45.854,30.636,0.614,0.957,0.912
217,VAL12505755_PCR-E09,FLD_ill_069_i7-IDT_i5_1,"46,520",3,252,2,M,247,Y,41.982,35.456,0.42,0.923,0.784
218,VAL12505755_PCR-E10,FLD_ill_077_i7-IDT_i5_2,"49,240",3,291,1,H,228,Y,31.577,24.573,0.657,0.957,0.92
219,VAL12505755_PCR-F03,FLD_ill_022_i7-IDT_i5_7,"47,263",3,315,2,M,NA,N,34.262,34.704,0.357,0.927,0.733
220,VAL12505755_PCR-H10,FLD_ill_080_i7-IDT_i5_2,"56,226",3,1180,2,M,247,Y,20.749,26.228,0.379,0.923,0.769
221,VAL12505755_PCR-D06,FLD_ill_044_i7-IDT_i5_10,"25,092",3,1091,2,M,NA,N,16.941,23.958,0.371,0.93,0.737
222,VAL12505755_PCR-B09,FLD_ill_066_i7-IDT_i5_1,"38,268",3,617,1,H,240,Y,28.565,NA,NA,NA,NA
223,,,,,,,,,,,,,,
224,VAL12505755_PCR-A09,FLD_ill_065_i7-IDT_i5_1,"45,215",3,1231,2,H,NA,N,34.57,25.349,0.676,0.972,0.914
225,,,,,,,,,,,,,,
226,VAL12505755_PCR-A10,FLD_ill_073_i7-IDT_i5_2,"47,982",3,1015,1,H,240,Y,35.911,NA,NA,NA,NA
227,VAL12505755_PCR-A11,FLD_ill_081_i7-IDT_i5_3,"51,475",3,829,2,H,247,Y,41.191,28.729,0.627,0.951,0.924
228,VAL12505755_PCR-A12,FLD_ill_089_i7-IDT_i5_4,"46,728",3,698,1,L,228,Y,27.392,33.525,0.306,0.902,0.731
229,VAL12505755_PCR-B10,FLD_ill_074_i7-IDT_i5_2,"37,340",3,590,2,M,247,Y,36.462,NA,NA,NA,NA
230,VAL12505755_PCR-B11,FLD_ill_082_i7-IDT_i5_3,"32,129",3,1199,2,M,NA,N,21.776,NA,NA,NA,NA
231,VAL12505755_PCR-B12,FLD_ill_090_i7-IDT_i5_4,"35,621",3,865,2,M,247,Y,27.396,27.885,0.443,0.981,0.794
232,,,,,,,,,,,,,,
233,,,,,,,,,,,,,,
234,VAL12505755_PCR-B06,FLD_ill_042_i7-IDT_i5_10,"48,369",3,637,1,L,247,Y,29.329,32.814,0.342,0.95,0.769
235,VAL12505755_PCR-B07,FLD_ill_050_i7-IDT_i5_11,"58,227",3,1097,2,L,NA,N,35.536,40.041,0.279,0.981,0.768
236,,,,,,,,,,,,,,
237,VAL12505755_PCR-B08,FLD_ill_058_i7-IDT_i5_12,"56,747",3,813,2,L,247,Y,40.886,41.394,0.3,0.899,0.754
238,VAL12505755_PCR-B05,FLD_ill_034_i7-IDT_i5_9,"52,963",3,781,1,M,240,Y,36.144,33.829,0.397,0.921,0.773
239,VAL12505755_PCR-B04,FLD_ill_026_i7-IDT_i5_8,"48,108",3,887,2,L,247,Y,34.186,34.964,0.351,0.998,0.753
240,VAL12505755_PCR-B03,FLD_ill_018_i7-IDT_i5_7,"56,481",3,85,1,M,240,Y,29.026,30.749,0.386,0.857,0.754
